address,size,name,is_thunk,param_count
02004228,4,FUN_02004228,false,0
0200429c,6,FUN_0200429c,false,0
0200445a,4,FUN_0200445a,false,0
02004914,164,FUN_02004914,false,0
02004d40,240,FUN_02004d40,false,0
02004e38,188,FUN_02004e38,false,0
02004ef8,116,FUN_02004ef8,false,0
02004f7c,356,FUN_02004f7c,false,0
020050f4,228,FUN_020050f4,false,0
020051f4,136,FUN_020051f4,false,0
0200528c,100,FUN_0200528c,false,0
02005300,112,FUN_02005300,false,0
02005380,176,FUN_02005380,false,0
02005444,344,FUN_02005444,false,0
020055c0,828,FUN_020055c0,false,0
02005900,616,FUN_02005900,false,0
02005b70,440,FUN_02005b70,false,0
02005d54,20,FUN_02005d54,false,0
020062b4,40,FUN_020062b4,false,0
02006304,92,FUN_02006304,false,0
0200636c,112,FUN_0200636c,false,0
020063dc,244,FUN_020063dc,false,0
020064d0,3216,FUN_020064d0,false,0
02007178,312,FUN_02007178,false,0
020072d4,232,FUN_020072d4,false,0
020073d0,168,FUN_020073d0,false,0
02007484,160,FUN_02007484,false,0
02007530,84,FUN_02007530,false,0
020075ac,108,FUN_020075ac,false,0
0200762c,20,FUN_0200762c,false,0
02007648,364,FUN_02007648,false,0
020077b8,84,FUN_020077b8,false,0
02007810,108,FUN_02007810,false,0
0200787c,296,FUN_0200787c,false,0
020079b4,184,FUN_020079b4,false,0
02007a74,140,FUN_02007a74,false,0
02007b14,56,FUN_02007b14,false,0
02007b5c,408,FUN_02007b5c,false,0
02007d2c,108,FUN_02007d2c,false,0
02007d98,80,FUN_02007d98,false,0
020084a0,140,FUN_020084a0,false,0
02008534,2636,FUN_02008534,false,0
02008f8c,48,FUN_02008f8c,false,0
02008fc0,72,FUN_02008fc0,false,0
02009100,12,FUN_02009100,false,0
02009110,40,FUN_02009110,false,0
02009150,16,FUN_02009150,false,0
02009160,28,FUN_02009160,false,0
0200917c,28,FUN_0200917c,false,0
02009198,28,FUN_02009198,false,0
020091b4,28,FUN_020091b4,false,0
020091ec,48,FUN_020091ec,false,0
0200921c,176,FUN_0200921c,false,0
020092d4,72,FUN_020092d4,false,0
02009328,84,FUN_02009328,false,0
0200937c,88,FUN_0200937c,false,0
020093d4,104,FUN_020093d4,false,0
02009460,96,FUN_02009460,false,0
02009560,152,FUN_02009560,false,0
0200960c,108,FUN_0200960c,false,0
02009678,1648,FUN_02009678,false,0
02009cec,272,FUN_02009cec,false,0
02009e00,444,FUN_02009e00,false,0
02009fc4,760,FUN_02009fc4,false,0
0200a2c4,352,FUN_0200a2c4,false,0
0200a424,104,FUN_0200a424,false,0
0200a494,2868,FUN_0200a494,false,0
0200aff0,96,FUN_0200aff0,false,0
0200b050,552,FUN_0200b050,false,0
0200b278,196,FUN_0200b278,false,0
0200b33c,832,FUN_0200b33c,false,0
0200b68c,252,FUN_0200b68c,false,0
0200b790,96,FUN_0200b790,false,0
0200b958,156,FUN_0200b958,false,0
0200b9fc,1024,FUN_0200b9fc,false,0
0200be04,12,FUN_0200be04,false,0
0200be14,48,FUN_0200be14,false,0
0200be48,56,FUN_0200be48,false,0
0200be84,48,FUN_0200be84,false,0
0200beb8,812,FUN_0200beb8,false,0
0200c1ec,120,FUN_0200c1ec,false,0
0200c264,100,FUN_0200c264,false,0
0200c2c8,44,FUN_0200c2c8,false,0
0200c2fc,52,FUN_0200c2fc,false,0
0200c334,64,FUN_0200c334,false,0
0200c3a0,12,FUN_0200c3a0,false,0
0200c45c,124,FUN_0200c45c,false,0
0200c4d8,148,FUN_0200c4d8,false,0
0200c56c,52,FUN_0200c56c,false,0
0200c5a0,296,FUN_0200c5a0,false,0
0200c76c,376,FUN_0200c76c,false,0
0200c930,88,FUN_0200c930,false,0
0200c990,928,FUN_0200c990,false,0
0200cd30,132,FUN_0200cd30,false,0
0200cdb4,152,FUN_0200cdb4,false,0
0200ce4c,128,FUN_0200ce4c,false,0
0200cee4,32,FUN_0200cee4,false,0
0200cf08,40,FUN_0200cf08,false,0
0200cf58,52,FUN_0200cf58,false,0
0200cf90,52,FUN_0200cf90,false,0
0200cfc8,16,FUN_0200cfc8,false,0
0200d028,64,FUN_0200d028,false,0
0200d0c8,636,FUN_0200d0c8,false,0
0200d348,832,FUN_0200d348,false,0
0200d6c8,80,FUN_0200d6c8,false,0
0200d798,2324,FUN_0200d798,false,0
0200e0d8,20,FUN_0200e0d8,false,0
0200e0f0,252,FUN_0200e0f0,false,0
0200e1f0,460,FUN_0200e1f0,false,0
0200e3c0,172,FUN_0200e3c0,false,0
0200e484,104,FUN_0200e484,false,0
0200e5b4,20,FUN_0200e5b4,false,0
0200e5cc,112,FUN_0200e5cc,false,0
0200e640,120,FUN_0200e640,false,0
0200e6c0,1096,FUN_0200e6c0,false,0
0200eb10,120,FUN_0200eb10,false,0
0200eb90,1676,FUN_0200eb90,false,0
0200f224,164,FUN_0200f224,false,0
0200f32c,1180,FUN_0200f32c,false,0
0200f7cc,32,FUN_0200f7cc,false,0
0200f7ec,32,FUN_0200f7ec,false,0
0200f80c,20,FUN_0200f80c,false,0
0200f824,724,FUN_0200f824,false,0
0200fbdc,212,FUN_0200fbdc,false,0
0200fcb4,2060,FUN_0200fcb4,false,0
02010518,116,FUN_02010518,false,0
0201058c,56,FUN_0201058c,false,0
020105c8,48,FUN_020105c8,false,0
020105fc,104,FUN_020105fc,false,0
0201066c,136,FUN_0201066c,false,0
020106f4,8,FUN_020106f4,false,0
02010784,300,FUN_02010784,false,0
02010958,160,FUN_02010958,false,0
020109f8,112,FUN_020109f8,false,0
02010a70,376,FUN_02010a70,false,0
02010bfc,32,FUN_02010bfc,false,0
02010c1c,152,FUN_02010c1c,false,0
02010e00,828,FUN_02010e00,false,0
02011164,132,FUN_02011164,false,0
02011218,112,FUN_02011218,false,0
02011288,128,FUN_02011288,false,0
02011330,100,FUN_02011330,false,0
020114bc,604,FUN_020114bc,false,0
02011718,264,FUN_02011718,false,0
02011820,192,FUN_02011820,false,0
020118e0,632,FUN_020118e0,false,0
02011b5c,40,FUN_02011b5c,false,0
02011bac,112,FUN_02011bac,false,0
02011c54,1020,FUN_02011c54,false,0
02012054,48,FUN_02012054,false,0
020120e4,144,FUN_020120e4,false,0
02012174,108,FUN_02012174,false,0
0201220c,276,FUN_0201220c,false,0
02012340,280,FUN_02012340,false,0
02012458,184,FUN_02012458,false,0
02012510,32,FUN_02012510,false,0
02012530,300,FUN_02012530,false,0
0201265c,548,FUN_0201265c,false,0
02012884,424,FUN_02012884,false,0
02012a2c,184,FUN_02012a2c,false,0
02012ae4,44,FUN_02012ae4,false,0
02012b44,64,FUN_02012b44,false,0
02012b84,104,FUN_02012b84,false,0
02012bec,68,FUN_02012bec,false,0
02012ca0,280,FUN_02012ca0,false,0
02012e6c,440,FUN_02012e6c,false,0
0201302c,304,FUN_0201302c,false,0
02013178,236,FUN_02013178,false,0
02013268,332,FUN_02013268,false,0
02013438,1780,FUN_02013438,false,0
02013b38,796,FUN_02013b38,false,0
02013e58,252,FUN_02013e58,false,0
02013f54,1160,FUN_02013f54,false,0
02015a00,284,FUN_02015a00,false,0
02015b20,276,FUN_02015b20,false,0
02015c38,356,FUN_02015c38,false,0
02015ff4,220,FUN_02015ff4,false,0
02016178,220,FUN_02016178,false,0
02016254,168,FUN_02016254,false,0
020162fc,176,FUN_020162fc,false,0
020163b8,440,FUN_020163b8,false,0
02016588,292,FUN_02016588,false,0
020166ac,304,FUN_020166ac,false,0
020167dc,136,FUN_020167dc,false,0
02016864,84,FUN_02016864,false,0
02016920,156,FUN_02016920,false,0
020169e0,84,FUN_020169e0,false,0
02016a34,408,FUN_02016a34,false,0
02016bd4,3500,FUN_02016bd4,false,0
02017988,380,FUN_02017988,false,0
02017b14,488,FUN_02017b14,false,0
02017d00,204,FUN_02017d00,false,0
02017dd0,32,FUN_02017dd0,false,0
02017df4,156,FUN_02017df4,false,0
02017eb0,68,FUN_02017eb0,false,0
02017ef8,372,FUN_02017ef8,false,0
0201806c,296,FUN_0201806c,false,0
02018194,68,FUN_02018194,false,0
020181d8,124,FUN_020181d8,false,0
02018254,1228,FUN_02018254,false,0
02018748,872,FUN_02018748,false,0
02018abc,252,FUN_02018abc,false,0
02018bbc,32,FUN_02018bbc,false,0
02018be0,196,FUN_02018be0,false,0
02018ca8,100,FUN_02018ca8,false,0
02018d14,388,FUN_02018d14,false,0
02018ed0,56,FUN_02018ed0,false,0
0201913c,408,FUN_0201913c,false,0
020192f8,1080,FUN_020192f8,false,0
02019794,40,FUN_02019794,false,0
020197e4,32,FUN_020197e4,false,0
02019808,128,FUN_02019808,false,0
02019888,696,FUN_02019888,false,0
02019b44,852,FUN_02019b44,false,0
02019e9c,116,FUN_02019e9c,false,0
02019f10,580,FUN_02019f10,false,0
0201a160,116,FUN_0201a160,false,0
0201a1d4,116,FUN_0201a1d4,false,0
0201a248,1084,FUN_0201a248,false,0
0201a698,272,FUN_0201a698,false,0
0201a7b0,424,FUN_0201a7b0,false,0
0201a960,640,FUN_0201a960,false,0
0201abf0,492,FUN_0201abf0,false,0
0201ae04,516,FUN_0201ae04,false,0
0201b008,176,FUN_0201b008,false,0
0201b0b8,168,FUN_0201b0b8,false,0
0201b160,168,FUN_0201b160,false,0
0201b208,248,FUN_0201b208,false,0
0201b310,248,FUN_0201b310,false,0
0201b418,336,FUN_0201b418,false,0
0201b568,4492,FUN_0201b568,false,0
0201c6f8,1532,FUN_0201c6f8,false,0
0201ccf4,344,FUN_0201ccf4,false,0
0201ce50,620,FUN_0201ce50,false,0
0201d0cc,164,FUN_0201d0cc,false,0
0201d170,420,FUN_0201d170,false,0
0201d318,164,FUN_0201d318,false,0
0201d3bc,1528,FUN_0201d3bc,false,0
0201d9c4,288,FUN_0201d9c4,false,0
0201dae4,484,FUN_0201dae4,false,0
0201dcd8,92,FUN_0201dcd8,false,0
0201dd34,2796,FUN_0201dd34,false,0
0201e838,1700,FUN_0201e838,false,0
0201eef8,340,FUN_0201eef8,false,0
0201f050,144,FUN_0201f050,false,0
0201f0e0,256,FUN_0201f0e0,false,0
0201f1ec,372,FUN_0201f1ec,false,0
0201f360,188,FUN_0201f360,false,0
0201f420,196,FUN_0201f420,false,0
0201f4e8,188,FUN_0201f4e8,false,0
0201f5a8,1128,FUN_0201f5a8,false,0
0201fa50,1128,FUN_0201fa50,false,0
0201fef8,144,FUN_0201fef8,false,0
0201ff8c,124,FUN_0201ff8c,false,0
02020008,140,FUN_02020008,false,0
02020094,64,FUN_02020094,false,0
020200f4,120,FUN_020200f4,false,0
0202016c,292,FUN_0202016c,false,0
02020298,84,FUN_02020298,false,0
020202ec,180,FUN_020202ec,false,0
020203a0,272,FUN_020203a0,false,0
020204bc,160,FUN_020204bc,false,0
02020560,760,FUN_02020560,false,0
02020860,304,FUN_02020860,false,0
02020990,284,FUN_02020990,false,0
02020ab8,744,FUN_02020ab8,false,0
02020db8,292,FUN_02020db8,false,0
02020ee0,60,FUN_02020ee0,false,0
02020f20,52,FUN_02020f20,false,0
02020f58,140,FUN_02020f58,false,0
02020fe8,112,FUN_02020fe8,false,0
02021058,204,FUN_02021058,false,0
0202112c,140,FUN_0202112c,false,0
020211b8,224,FUN_020211b8,false,0
02021298,736,FUN_02021298,false,0
02021588,348,FUN_02021588,false,0
020216f0,988,FUN_020216f0,false,0
02021adc,336,FUN_02021adc,false,0
02021c34,44,FUN_02021c34,false,0
02021c64,356,FUN_02021c64,false,0
02021df0,356,FUN_02021df0,false,0
02021f7c,88,FUN_02021f7c,false,0
02021fd4,88,FUN_02021fd4,false,0
0202202c,28,FUN_0202202c,false,0
02022048,424,FUN_02022048,false,0
02022200,216,FUN_02022200,false,0
020222d8,28,FUN_020222d8,false,0
020222f4,236,FUN_020222f4,false,0
020223e8,372,FUN_020223e8,false,0
02022564,520,FUN_02022564,false,0
02022770,12,FUN_02022770,false,0
0202277c,156,FUN_0202277c,false,0
0202281c,76,FUN_0202281c,false,0
02022868,260,FUN_02022868,false,0
0202296c,684,FUN_0202296c,false,0
02022c18,564,FUN_02022c18,false,0
02022e4c,44,FUN_02022e4c,false,0
02022e78,44,FUN_02022e78,false,0
02022ea4,44,FUN_02022ea4,false,0
02022ed0,460,FUN_02022ed0,false,0
0202309c,332,FUN_0202309c,false,0
020231e8,664,FUN_020231e8,false,0
02023480,536,FUN_02023480,false,0
02023698,444,FUN_02023698,false,0
02023854,316,FUN_02023854,false,0
02023990,232,FUN_02023990,false,0
02023a78,132,FUN_02023a78,false,0
02023afc,3984,FUN_02023afc,false,0
02024aac,1748,FUN_02024aac,false,0
02025194,1640,FUN_02025194,false,0
02025810,1612,FUN_02025810,false,0
02025e74,172,FUN_02025e74,false,0
02025f20,148,FUN_02025f20,false,0
02025fb4,168,FUN_02025fb4,false,0
0202605c,52,FUN_0202605c,false,0
0202609c,456,FUN_0202609c,false,0
0202626c,260,FUN_0202626c,false,0
02026388,356,FUN_02026388,false,0
020264f8,52,FUN_020264f8,false,0
02026530,120,FUN_02026530,false,0
020265ac,488,FUN_020265ac,false,0
02026830,48,FUN_02026830,false,0
02026868,96,FUN_02026868,false,0
020268c8,96,FUN_020268c8,false,0
02026928,36,FUN_02026928,false,0
0202694c,60,FUN_0202694c,false,0
02026988,60,FUN_02026988,false,0
020269c4,52,FUN_020269c4,false,0
020269f8,280,FUN_020269f8,false,0
02026b18,208,FUN_02026b18,false,0
02026bec,124,FUN_02026bec,false,0
02026c70,56,FUN_02026c70,false,0
02026cac,28,FUN_02026cac,false,0
02026cd0,44,FUN_02026cd0,false,0
02026cfc,68,FUN_02026cfc,false,0
02026d40,208,FUN_02026d40,false,0
02026e14,180,FUN_02026e14,false,0
02026ec8,64,FUN_02026ec8,false,0
02026f08,268,FUN_02026f08,false,0
02027024,160,FUN_02027024,false,0
020270d4,440,FUN_020270d4,false,0
020272a0,200,FUN_020272a0,false,0
02027380,120,FUN_02027380,false,0
02027404,248,FUN_02027404,false,0
02027514,192,FUN_02027514,false,0
020275e4,104,FUN_020275e4,false,0
02027654,72,FUN_02027654,false,0
020276a0,108,FUN_020276a0,false,0
02027710,64,FUN_02027710,false,0
02027798,20,FUN_02027798,false,0
020277b4,144,FUN_020277b4,false,0
02027854,160,FUN_02027854,false,0
020278fc,348,FUN_020278fc,false,0
02027a68,192,FUN_02027a68,false,0
02027b38,80,FUN_02027b38,false,0
02027b8c,40,FUN_02027b8c,false,0
02027bb8,24,FUN_02027bb8,false,0
02027bd8,152,FUN_02027bd8,false,0
02027c78,116,FUN_02027c78,false,0
02027cf4,52,FUN_02027cf4,false,0
02027d28,108,FUN_02027d28,false,0
02027e5c,20,FUN_02027e5c,false,0
02027e78,100,FUN_02027e78,false,0
02027ee0,120,FUN_02027ee0,false,0
02027f64,132,FUN_02027f64,false,0
02027ff4,48,FUN_02027ff4,false,0
02028028,76,FUN_02028028,false,0
0202807c,160,FUN_0202807c,false,0
02028128,508,FUN_02028128,false,0
020283c8,64,FUN_020283c8,false,0
0202840c,28,FUN_0202840c,false,0
02028440,68,FUN_02028440,false,0
02028488,72,FUN_02028488,false,0
020284d8,72,FUN_020284d8,false,0
02028528,136,FUN_02028528,false,0
020285c8,204,FUN_020285c8,false,0
020286b0,92,FUN_020286b0,false,0
02028710,96,FUN_02028710,false,0
02028774,248,FUN_02028774,false,0
020288a8,40,FUN_020288a8,false,0
020288d0,40,FUN_020288d0,false,0
020288f8,40,FUN_020288f8,false,0
02028920,40,FUN_02028920,false,0
02028948,156,FUN_02028948,false,0
020289f4,44,FUN_020289f4,false,0
02028a30,68,FUN_02028a30,false,0
02028a9c,16,FUN_02028a9c,false,0
02028ab4,76,FUN_02028ab4,false,0
02028b04,44,FUN_02028b04,false,0
02028b34,20,FUN_02028b34,false,0
02028b50,44,FUN_02028b50,false,0
02028b80,76,FUN_02028b80,false,0
02028bd0,76,FUN_02028bd0,false,0
02028c20,76,FUN_02028c20,false,0
02028c74,96,FUN_02028c74,false,0
02028cdc,72,FUN_02028cdc,false,0
02028d24,372,FUN_02028d24,false,0
02028ea8,120,FUN_02028ea8,false,0
02028f48,68,FUN_02028f48,false,0
02028f90,68,FUN_02028f90,false,0
02028fd4,68,FUN_02028fd4,false,0
02029018,68,FUN_02029018,false,0
0202905c,68,FUN_0202905c,false,0
020290a0,68,FUN_020290a0,false,0
020290e4,68,FUN_020290e4,false,0
02029128,68,FUN_02029128,false,0
0202916c,456,FUN_0202916c,false,0
02029340,112,FUN_02029340,false,0
020293c8,176,FUN_020293c8,false,0
0202958c,204,FUN_0202958c,false,0
02029664,188,FUN_02029664,false,0
02029724,52,FUN_02029724,false,0
02029788,176,FUN_02029788,false,0
02029844,56,FUN_02029844,false,0
02029888,208,FUN_02029888,false,0
02029964,332,FUN_02029964,false,0
02029ab8,244,FUN_02029ab8,false,0
02029bb0,48,FUN_02029bb0,false,0
02029be0,8,thunk_FUN_02029ab8,true,0
02029bec,8,thunk_FUN_02029ab8,true,0
02029bf8,36,FUN_02029bf8,false,0
02029c1c,36,FUN_02029c1c,false,0
02029c40,432,FUN_02029c40,false,0
02029e20,80,FUN_02029e20,false,0
02029e70,68,FUN_02029e70,false,0
02029ec4,192,FUN_02029ec4,false,0
02029f90,104,FUN_02029f90,false,0
02029ffc,56,FUN_02029ffc,false,0
0202a034,52,FUN_0202a034,false,0
0202a068,112,FUN_0202a068,false,0
0202a0ec,136,FUN_0202a0ec,false,0
0202a20c,236,FUN_0202a20c,false,0
0202a33c,468,FUN_0202a33c,false,0
0202a51c,76,FUN_0202a51c,false,0
0202a58c,28,FUN_0202a58c,false,0
0202a5a8,112,FUN_0202a5a8,false,0
0202a62c,136,FUN_0202a62c,false,0
0202a74c,248,FUN_0202a74c,false,0
0202a850,256,FUN_0202a850,false,0
0202a980,112,FUN_0202a980,false,0
0202a9f4,184,FUN_0202a9f4,false,0
0202aab0,380,FUN_0202aab0,false,0
0202ac30,172,FUN_0202ac30,false,0
0202acdc,40,FUN_0202acdc,false,0
0202ad04,136,FUN_0202ad04,false,0
0202add4,316,FUN_0202add4,false,0
0202af14,44,FUN_0202af14,false,0
0202af40,668,FUN_0202af40,false,0
0202b208,196,FUN_0202b208,false,0
0202b2cc,348,FUN_0202b2cc,false,0
0202b428,200,FUN_0202b428,false,0
0202b4f0,280,FUN_0202b4f0,false,0
0202b608,72,FUN_0202b608,false,0
0202b650,92,FUN_0202b650,false,0
0202b6b0,16,FUN_0202b6b0,false,0
0202b6c4,88,FUN_0202b6c4,false,0
0202b770,216,FUN_0202b770,false,0
0202b848,80,FUN_0202b848,false,0
0202b8a0,128,FUN_0202b8a0,false,0
0202b92c,20,FUN_0202b92c,false,0
0202b944,116,FUN_0202b944,false,0
0202b9b8,20,FUN_0202b9b8,false,0
0202b9cc,92,FUN_0202b9cc,false,0
0202ba28,164,FUN_0202ba28,false,0
0202bacc,136,FUN_0202bacc,false,0
0202bb54,68,FUN_0202bb54,false,0
0202bb98,280,FUN_0202bb98,false,0
0202bcb8,68,FUN_0202bcb8,false,0
0202bd00,76,FUN_0202bd00,false,0
0202bd50,68,FUN_0202bd50,false,0
0202bd98,128,FUN_0202bd98,false,0
0202be20,128,FUN_0202be20,false,0
0202bea8,164,FUN_0202bea8,false,0
0202bf4c,48,FUN_0202bf4c,false,0
0202bff8,52,FUN_0202bff8,false,0
0202c0d0,48,FUN_0202c0d0,false,0
0202c10c,624,FUN_0202c10c,false,0
0202c37c,144,FUN_0202c37c,false,0
0202c40c,204,FUN_0202c40c,false,0
0202c4d8,116,FUN_0202c4d8,false,0
0202c54c,152,FUN_0202c54c,false,0
0202c5e4,128,FUN_0202c5e4,false,0
0202c664,280,FUN_0202c664,false,0
0202c7a8,40,FUN_0202c7a8,false,0
0202c7f8,48,FUN_0202c7f8,false,0
0202c82c,48,FUN_0202c82c,false,0
0202c860,164,FUN_0202c860,false,0
0202c908,116,FUN_0202c908,false,0
0202c97c,64,FUN_0202c97c,false,0
0202c9c0,68,FUN_0202c9c0,false,0
0202ca04,216,FUN_0202ca04,false,0
0202cae4,40,FUN_0202cae4,false,0
0202cb34,76,FUN_0202cb34,false,0
0202cb84,36,FUN_0202cb84,false,0
0202cba8,72,FUN_0202cba8,false,0
0202cc00,12,FUN_0202cc00,false,0
0202cc10,72,FUN_0202cc10,false,0
0202cc94,32,FUN_0202cc94,false,0
0202cd68,40,FUN_0202cd68,false,0
0202ce44,124,FUN_0202ce44,false,0
0202cec0,128,FUN_0202cec0,false,0
0202cf40,124,FUN_0202cf40,false,0
0202cfbc,128,FUN_0202cfbc,false,0
0202d03c,56,FUN_0202d03c,false,0
0202d078,60,FUN_0202d078,false,0
0202d0b8,64,FUN_0202d0b8,false,0
0202d100,88,FUN_0202d100,false,0
0202d15c,52,FUN_0202d15c,false,0
0202d6e4,176,FUN_0202d6e4,false,0
0202d7a0,280,FUN_0202d7a0,false,0
0202d8c4,148,FUN_0202d8c4,false,0
0202d964,108,FUN_0202d964,false,0
0202d9d0,60,FUN_0202d9d0,false,0
0202da0c,60,FUN_0202da0c,false,0
0202da48,232,FUN_0202da48,false,0
0202db38,412,FUN_0202db38,false,0
0202dce4,412,FUN_0202dce4,false,0
0202de90,48,FUN_0202de90,false,0
0202dec4,312,FUN_0202dec4,false,0
0202e010,12,FUN_0202e010,false,0
0202e020,80,FUN_0202e020,false,0
0202e078,12,FUN_0202e078,false,0
0202e088,72,FUN_0202e088,false,0
0202e0d8,388,FUN_0202e0d8,false,0
0202e274,144,FUN_0202e274,false,0
0202e314,12,FUN_0202e314,false,0
0202e324,48,FUN_0202e324,false,0
0202e35c,92,FUN_0202e35c,false,0
0202e3c0,20,FUN_0202e3c0,false,0
0202e3d4,24,FUN_0202e3d4,false,0
0202e3ec,108,FUN_0202e3ec,false,0
0202e458,128,FUN_0202e458,false,0
0202e4d8,100,FUN_0202e4d8,false,0
0202e53c,104,FUN_0202e53c,false,0
0202e5a4,44,FUN_0202e5a4,false,0
0202e5d0,24,FUN_0202e5d0,false,0
0202e5e8,28,FUN_0202e5e8,false,0
0202e604,136,FUN_0202e604,false,0
0202e694,40,FUN_0202e694,false,0
0202e6c0,112,FUN_0202e6c0,false,0
0202e730,92,FUN_0202e730,false,0
0202e78c,88,FUN_0202e78c,false,0
0202e7e4,64,FUN_0202e7e4,false,0
0202e824,72,FUN_0202e824,false,0
0202e86c,8,thunk_FUN_0202e5e8,true,0
0202e878,76,FUN_0202e878,false,0
0202e8c4,48,FUN_0202e8c4,false,0
0202e8f4,24,FUN_0202e8f4,false,0
0202e90c,124,FUN_0202e90c,false,0
0202e988,128,FUN_0202e988,false,0
0202ea08,76,FUN_0202ea08,false,0
0202ea64,60,FUN_0202ea64,false,0
0202eaa0,52,FUN_0202eaa0,false,0
0202ead4,140,FUN_0202ead4,false,0
0202eb7c,32,FUN_0202eb7c,false,0
0202eba8,28,FUN_0202eba8,false,0
0202ebc8,64,FUN_0202ebc8,false,0
0202ec0c,24,FUN_0202ec0c,false,0
0202ec28,32,FUN_0202ec28,false,0
0202ec4c,52,FUN_0202ec4c,false,0
0202ec84,80,FUN_0202ec84,false,0
0202ecd8,96,FUN_0202ecd8,false,0
0202ed3c,88,FUN_0202ed3c,false,0
0202ed98,136,FUN_0202ed98,false,0
0202ee28,116,FUN_0202ee28,false,0
0202eea4,56,FUN_0202eea4,false,0
0202eee0,92,FUN_0202eee0,false,0
0202ef40,92,FUN_0202ef40,false,0
0202ef9c,76,FUN_0202ef9c,false,0
0202efe8,88,FUN_0202efe8,false,0
0202f044,96,FUN_0202f044,false,0
0202f0a4,88,FUN_0202f0a4,false,0
0202f100,8,thunk_FUN_0202ed98,true,0
0202f10c,184,FUN_0202f10c,false,0
0202f1c8,360,FUN_0202f1c8,false,0
0202f33c,168,FUN_0202f33c,false,0
0202f3f4,28,FUN_0202f3f4,false,0
0202f410,40,FUN_0202f410,false,0
0202f438,28,FUN_0202f438,false,0
0202f454,60,FUN_0202f454,false,0
0202f494,48,FUN_0202f494,false,0
0202f4c4,72,FUN_0202f4c4,false,0
0202f50c,16,FUN_0202f50c,false,0
0202f51c,112,FUN_0202f51c,false,0
0202f590,24,FUN_0202f590,false,0
0202f5a8,12,FUN_0202f5a8,false,0
0202f5b4,108,FUN_0202f5b4,false,0
0202f624,100,FUN_0202f624,false,0
0202f68c,12,FUN_0202f68c,false,0
0202f69c,152,FUN_0202f69c,false,0
0202f73c,20,FUN_0202f73c,false,0
0202f754,28,FUN_0202f754,false,0
0202f774,120,FUN_0202f774,false,0
0202f7ec,84,FUN_0202f7ec,false,0
0202f840,176,FUN_0202f840,false,0
0202f908,48,FUN_0202f908,false,0
0202f93c,128,FUN_0202f93c,false,0
0202f9bc,68,FUN_0202f9bc,false,0
0202fa00,112,FUN_0202fa00,false,0
0202fa74,48,FUN_0202fa74,false,0
0202faa4,92,FUN_0202faa4,false,0
0202fb00,452,FUN_0202fb00,false,0
0202fcd0,48,FUN_0202fcd0,false,0
0202fd00,100,FUN_0202fd00,false,0
0202fd64,116,FUN_0202fd64,false,0
0202fde8,104,FUN_0202fde8,false,0
0202fe54,244,FUN_0202fe54,false,0
0202fff8,92,FUN_0202fff8,false,0
02030058,244,FUN_02030058,false,0
02030154,860,FUN_02030154,false,0
020304bc,172,FUN_020304bc,false,0
0203056c,24,FUN_0203056c,false,0
0203058c,128,FUN_0203058c,false,0
02030628,68,FUN_02030628,false,0
02030670,188,FUN_02030670,false,0
02030730,92,FUN_02030730,false,0
02030790,184,FUN_02030790,false,0
02030870,24,FUN_02030870,false,0
0203088c,36,FUN_0203088c,false,0
020308b4,28,FUN_020308b4,false,0
020308d4,128,FUN_020308d4,false,0
02030958,36,FUN_02030958,false,0
02030980,36,FUN_02030980,false,0
020309a8,96,FUN_020309a8,false,0
02030a0c,96,FUN_02030a0c,false,0
02030a70,96,FUN_02030a70,false,0
02030ad4,96,FUN_02030ad4,false,0
02030b38,96,FUN_02030b38,false,0
02030b9c,96,FUN_02030b9c,false,0
02030c00,96,FUN_02030c00,false,0
02030c64,96,FUN_02030c64,false,0
02030cc8,12,FUN_02030cc8,false,0
02030cd8,20,FUN_02030cd8,false,0
02030cf0,528,FUN_02030cf0,false,0
02030f0c,132,FUN_02030f0c,false,0
02030f94,36,FUN_02030f94,false,0
02030fb8,80,FUN_02030fb8,false,0
02031008,64,FUN_02031008,false,0
02031048,12,FUN_02031048,false,0
02031058,12,FUN_02031058,false,0
02031064,236,FUN_02031064,false,0
02031150,88,FUN_02031150,false,0
020311a8,112,FUN_020311a8,false,0
02031218,192,FUN_02031218,false,0
020312d8,28,FUN_020312d8,false,0
020312f4,156,FUN_020312f4,false,0
02031390,208,FUN_02031390,false,0
02031460,240,FUN_02031460,false,0
02031554,84,FUN_02031554,false,0
020315a8,36,FUN_020315a8,false,0
020315cc,60,FUN_020315cc,false,0
02031608,60,FUN_02031608,false,0
02031644,52,FUN_02031644,false,0
02031678,108,FUN_02031678,false,0
020316e4,300,FUN_020316e4,false,0
02031818,120,FUN_02031818,false,0
02031894,120,FUN_02031894,false,0
02031910,120,FUN_02031910,false,0
0203198c,120,FUN_0203198c,false,0
02031a08,180,FUN_02031a08,false,0
02031abc,168,FUN_02031abc,false,0
02031b64,348,FUN_02031b64,false,0
02031cc4,112,FUN_02031cc4,false,0
02031d34,172,FUN_02031d34,false,0
02031de0,320,FUN_02031de0,false,0
02031f20,48,FUN_02031f20,false,0
02031f50,56,FUN_02031f50,false,0
02031f88,36,FUN_02031f88,false,0
02031fac,208,FUN_02031fac,false,0
0203207c,268,FUN_0203207c,false,0
02032188,152,FUN_02032188,false,0
02032220,84,FUN_02032220,false,0
02032274,168,FUN_02032274,false,0
0203231c,100,FUN_0203231c,false,0
0203238c,2208,FUN_0203238c,false,0
02032c40,328,FUN_02032c40,false,0
02032d8c,320,FUN_02032d8c,false,0
02032ee0,160,FUN_02032ee0,false,0
02032f8c,52,FUN_02032f8c,false,0
02032fc4,72,FUN_02032fc4,false,0
02033010,84,FUN_02033010,false,0
02033064,116,FUN_02033064,false,0
020330d8,104,FUN_020330d8,false,0
02033150,72,FUN_02033150,false,0
02033198,64,FUN_02033198,false,0
020331d8,100,FUN_020331d8,false,0
02033248,148,FUN_02033248,false,0
020332e8,100,FUN_020332e8,false,0
0203334c,716,FUN_0203334c,false,0
02033624,60,FUN_02033624,false,0
02033660,164,FUN_02033660,false,0
02033708,272,FUN_02033708,false,0
02033820,24,FUN_02033820,false,0
02033838,12,FUN_02033838,false,0
02033844,44,FUN_02033844,false,0
02033870,48,FUN_02033870,false,0
020338a0,24,FUN_020338a0,false,0
020338b8,104,FUN_020338b8,false,0
02033920,212,FUN_02033920,false,0
020339fc,228,FUN_020339fc,false,0
02033b00,76,FUN_02033b00,false,0
02033b4c,508,FUN_02033b4c,false,0
02033d4c,416,FUN_02033d4c,false,0
02033ef4,152,FUN_02033ef4,false,0
02033f8c,224,FUN_02033f8c,false,0
02034084,48,FUN_02034084,false,0
020340b8,80,FUN_020340b8,false,0
02034110,64,FUN_02034110,false,0
02034150,24,FUN_02034150,false,0
02034168,24,FUN_02034168,false,0
02034180,60,FUN_02034180,false,0
020341bc,48,FUN_020341bc,false,0
020341ec,32,FUN_020341ec,false,0
0203420c,24,FUN_0203420c,false,0
02034224,44,FUN_02034224,false,0
02034274,804,FUN_02034274,false,0
02034598,300,FUN_02034598,false,0
020346c4,228,FUN_020346c4,false,0
020347a8,72,FUN_020347a8,false,0
02034800,44,FUN_02034800,false,0
02034838,36,FUN_02034838,false,0
02034864,72,FUN_02034864,false,0
020348b4,48,FUN_020348b4,false,0
020348f0,52,FUN_020348f0,false,0
0203492c,32,FUN_0203492c,false,0
02034954,108,FUN_02034954,false,0
020349c8,72,FUN_020349c8,false,0
02034a18,28,FUN_02034a18,false,0
02034a34,28,FUN_02034a34,false,0
02034a50,292,FUN_02034a50,false,0
02034b90,156,FUN_02034b90,false,0
02034c2c,68,FUN_02034c2c,false,0
02034c70,444,FUN_02034c70,false,0
02034e4c,464,FUN_02034e4c,false,0
02035020,232,FUN_02035020,false,0
02035110,44,FUN_02035110,false,0
020351cc,68,FUN_020351cc,false,0
02035218,64,FUN_02035218,false,0
02035500,16,FUN_02035500,false,0
02035518,16,FUN_02035518,false,0
02035530,16,FUN_02035530,false,0
02035548,16,FUN_02035548,false,0
020355b4,12,FUN_020355b4,false,0
020355c4,12,FUN_020355c4,false,0
020357f0,28,FUN_020357f0,false,0
02035818,28,FUN_02035818,false,0
02035840,12,FUN_02035840,false,0
02035854,12,FUN_02035854,false,0
02035868,28,FUN_02035868,false,0
0203588c,28,FUN_0203588c,false,0
020358e8,128,FUN_020358e8,false,0
02035974,128,FUN_02035974,false,0
02035a00,112,FUN_02035a00,false,0
02035a7c,156,FUN_02035a7c,false,0
02035b48,228,FUN_02035b48,false,0
02035c3c,484,FUN_02035c3c,false,0
02035e40,172,FUN_02035e40,false,0
02035ef8,260,FUN_02035ef8,false,0
0203600c,340,FUN_0203600c,false,0
02036178,664,FUN_02036178,false,0
02036430,148,FUN_02036430,false,0
020364e8,72,FUN_020364e8,false,0
02036538,92,FUN_02036538,false,0
02036598,64,FUN_02036598,false,0
020365e0,84,FUN_020365e0,false,0
02036638,28,FUN_02036638,false,0
02036658,48,FUN_02036658,false,0
0203668c,28,FUN_0203668c,false,0
020366ac,48,FUN_020366ac,false,0
020366e0,120,FUN_020366e0,false,0
02036760,136,FUN_02036760,false,0
020367ec,120,FUN_020367ec,false,0
0203686c,136,FUN_0203686c,false,0
020368f8,28,FUN_020368f8,false,0
02036918,48,FUN_02036918,false,0
0203694c,28,FUN_0203694c,false,0
0203696c,48,FUN_0203696c,false,0
020369c4,28,FUN_020369c4,false,0
020369e0,180,FUN_020369e0,false,0
02036a94,32,FUN_02036a94,false,0
02036ab4,32,FUN_02036ab4,false,0
02036ad4,100,FUN_02036ad4,false,0
02036b38,48,FUN_02036b38,false,0
02036b68,32,FUN_02036b68,false,0
02036b88,32,FUN_02036b88,false,0
02036ba8,32,FUN_02036ba8,false,0
02036bc8,40,FUN_02036bc8,false,0
02036bf4,40,FUN_02036bf4,false,0
02036c20,64,FUN_02036c20,false,0
02036c60,36,FUN_02036c60,false,0
02036c84,28,FUN_02036c84,false,0
02036ca0,36,FUN_02036ca0,false,0
02036cc4,20,FUN_02036cc4,false,0
02036cfc,20,FUN_02036cfc,false,0
02036dbc,64,FUN_02036dbc,false,0
02036e0c,40,FUN_02036e0c,false,0
02037364,400,FUN_02037364,false,0
020374fc,748,FUN_020374fc,false,0
020377f8,480,FUN_020377f8,false,0
020379e8,68,FUN_020379e8,false,0
02037a34,108,FUN_02037a34,false,0
02037aa8,32,FUN_02037aa8,false,0
02037acc,68,FUN_02037acc,false,0
02037b18,108,FUN_02037b18,false,0
02037b8c,32,FUN_02037b8c,false,0
02037bb0,76,FUN_02037bb0,false,0
02037c08,108,FUN_02037c08,false,0
02037c7c,96,FUN_02037c7c,false,0
02037cec,84,FUN_02037cec,false,0
02037d50,116,FUN_02037d50,false,0
02037dd0,236,FUN_02037dd0,false,0
02037ed4,100,FUN_02037ed4,false,0
02037f3c,100,FUN_02037f3c,false,0
02037fa4,100,FUN_02037fa4,false,0
0203800c,100,FUN_0203800c,false,0
02038074,100,FUN_02038074,false,0
020380dc,100,FUN_020380dc,false,0
02038144,100,FUN_02038144,false,0
020381ac,100,FUN_020381ac,false,0
02038214,100,FUN_02038214,false,0
0203827c,100,FUN_0203827c,false,0
020382e4,100,FUN_020382e4,false,0
0203834c,100,FUN_0203834c,false,0
020383b4,100,FUN_020383b4,false,0
0203841c,100,FUN_0203841c,false,0
02038484,100,FUN_02038484,false,0
020384ec,100,FUN_020384ec,false,0
02038554,92,FUN_02038554,false,0
020385b4,92,FUN_020385b4,false,0
02038614,96,FUN_02038614,false,0
0203867c,88,FUN_0203867c,false,0
020386d8,76,FUN_020386d8,false,0
02038730,108,FUN_02038730,false,0
020387a4,60,FUN_020387a4,false,0
020387ec,92,FUN_020387ec,false,0
0203885c,340,FUN_0203885c,false,0
020389c0,100,FUN_020389c0,false,0
02038c4c,44,FUN_02038c4c,false,0
02038c80,64,FUN_02038c80,false,0
02038cc8,48,FUN_02038cc8,false,0
02038d00,44,FUN_02038d00,false,0
02038d34,64,FUN_02038d34,false,0
02038d80,64,FUN_02038d80,false,0
02038dcc,136,FUN_02038dcc,false,0
02038e5c,16,FUN_02038e5c,false,0
02038e70,8,thunk_FUN_02038fd4,true,0
02038e7c,80,FUN_02038e7c,false,0
02038ed4,44,FUN_02038ed4,false,0
02038f04,12,FUN_02038f04,false,0
02038f14,8,FUN_02038f14,false,0
02038f4c,16,FUN_02038f4c,false,0
02038f68,16,FUN_02038f68,false,0
02038fb4,20,FUN_02038fb4,false,0
02038fd4,20,FUN_02038fd4,false,0
02038ff4,20,FUN_02038ff4,false,0
02039014,128,FUN_02039014,false,0
02039094,12,FUN_02039094,false,0
02039134,12,FUN_02039134,false,0
0203919c,216,FUN_0203919c,false,0
0203928c,4,FUN_0203928c,false,0
02039290,20,FUN_02039290,false,0
020392a4,48,FUN_020392a4,false,0
020392d8,8,FUN_020392d8,false,0
020392e0,172,FUN_020392e0,false,0
02039394,208,FUN_02039394,false,0
02039474,40,FUN_02039474,false,0
020394a0,52,FUN_020394a0,false,0
020394d4,112,FUN_020394d4,false,0
02039548,100,FUN_02039548,false,0
020395b0,84,FUN_020395b0,false,0
0203960c,248,FUN_0203960c,false,0
02039714,324,FUN_02039714,false,0
02039894,68,FUN_02039894,false,0
020398dc,100,FUN_020398dc,false,0
02039944,44,FUN_02039944,false,0
02039974,100,FUN_02039974,false,0
020399d8,72,FUN_020399d8,false,0
02039a24,64,FUN_02039a24,false,0
02039a68,40,FUN_02039a68,false,0
02039a9c,196,FUN_02039a9c,false,0
02039b70,112,FUN_02039b70,false,0
02039be8,8,FUN_02039be8,false,0
02039bf0,172,FUN_02039bf0,false,0
02039c9c,168,FUN_02039c9c,false,0
02039d44,32,FUN_02039d44,false,0
02039d64,40,FUN_02039d64,false,0
02039d8c,36,FUN_02039d8c,false,0
02039db0,36,FUN_02039db0,false,0
02039dd4,112,FUN_02039dd4,false,0
02039e48,80,FUN_02039e48,false,0
02039e98,108,FUN_02039e98,false,0
02039f08,136,FUN_02039f08,false,0
02039f94,20,FUN_02039f94,false,0
02039fe0,52,FUN_02039fe0,false,0
0203a014,28,FUN_0203a014,false,0
0203a030,28,FUN_0203a030,false,0
0203a04c,36,FUN_0203a04c,false,0
0203a070,12,FUN_0203a070,false,0
0203a088,28,FUN_0203a088,false,0
0203a0a4,76,FUN_0203a0a4,false,0
0203a0f0,20,FUN_0203a0f0,false,0
0203a104,20,FUN_0203a104,false,0
0203a118,208,FUN_0203a118,false,0
0203a200,268,FUN_0203a200,false,0
0203a32c,132,FUN_0203a32c,false,0
0203a3c0,276,FUN_0203a3c0,false,0
0203a4d8,16,FUN_0203a4d8,false,0
0203a4ec,16,FUN_0203a4ec,false,0
0203a4fc,16,FUN_0203a4fc,false,0
0203a50c,8,FUN_0203a50c,false,0
0203a514,8,FUN_0203a514,false,0
0203a51c,8,FUN_0203a51c,false,0
0203a598,20,FUN_0203a598,false,0
0203a5ac,140,FUN_0203a5ac,false,0
0203a63c,92,FUN_0203a63c,false,0
0203a6a8,124,FUN_0203a6a8,false,0
0203a738,24,FUN_0203a738,false,0
0203a754,160,FUN_0203a754,false,0
0203a804,116,FUN_0203a804,false,0
0203a88c,132,FUN_0203a88c,false,0
0203a938,268,FUN_0203a938,false,0
0203aa50,148,FUN_0203aa50,false,0
0203aae8,120,FUN_0203aae8,false,0
0203ab60,316,FUN_0203ab60,false,0
0203aca0,16,FUN_0203aca0,false,0
0203acb0,12,FUN_0203acb0,false,0
0203acc0,80,FUN_0203acc0,false,0
0203ad18,140,FUN_0203ad18,false,0
0203adb4,96,FUN_0203adb4,false,0
0203ae24,20,FUN_0203ae24,false,0
0203ae38,20,FUN_0203ae38,false,0
0203ae4c,24,FUN_0203ae4c,false,0
0203ae64,20,FUN_0203ae64,false,0
0203ae78,24,FUN_0203ae78,false,0
0203ae90,12,FUN_0203ae90,false,0
0203ae9c,12,FUN_0203ae9c,false,0
0203aea8,12,FUN_0203aea8,false,0
0203aeb4,20,FUN_0203aeb4,false,0
0203aec8,120,FUN_0203aec8,false,0
0203af48,48,FUN_0203af48,false,0
0203af78,64,FUN_0203af78,false,0
0203afbc,96,FUN_0203afbc,false,0
0203b024,16,FUN_0203b024,false,0
0203b038,120,FUN_0203b038,false,0
0203b0b4,20,FUN_0203b0b4,false,0
0203b0d0,8,FUN_0203b0d0,false,0
0203b0d8,124,FUN_0203b0d8,false,0
0203b160,44,FUN_0203b160,false,0
0203b194,12,FUN_0203b194,false,0
0203b1a4,112,FUN_0203b1a4,false,0
0203b214,176,FUN_0203b214,false,0
0203b2c8,124,FUN_0203b2c8,false,0
0203b34c,104,FUN_0203b34c,false,0
0203b3bc,168,FUN_0203b3bc,false,0
0203b464,212,FUN_0203b464,false,0
0203b53c,116,FUN_0203b53c,false,0
0203b5b4,120,FUN_0203b5b4,false,0
0203b630,136,FUN_0203b630,false,0
0203b6c0,112,FUN_0203b6c0,false,0
0203b734,112,FUN_0203b734,false,0
0203b7a8,24,FUN_0203b7a8,false,0
0203b7c0,28,FUN_0203b7c0,false,0
0203b7dc,20,FUN_0203b7dc,false,0
0203b7f0,24,FUN_0203b7f0,false,0
0203b808,76,FUN_0203b808,false,0
0203b854,56,FUN_0203b854,false,0
0203b8c4,36,FUN_0203b8c4,false,0
0203b914,148,FUN_0203b914,false,0
0203b9a8,304,FUN_0203b9a8,false,0
0203bad8,8,FUN_0203bad8,false,0
0203bae0,216,FUN_0203bae0,false,0
0203bbb8,216,FUN_0203bbb8,false,0
0203bcf8,132,FUN_0203bcf8,false,0
0203bd84,36,FUN_0203bd84,false,0
0203bda8,88,FUN_0203bda8,false,0
0203be00,44,FUN_0203be00,false,0
0203be2c,52,FUN_0203be2c,false,0
0203be60,52,FUN_0203be60,false,0
0203be94,52,FUN_0203be94,false,0
0203bec8,44,FUN_0203bec8,false,0
0203bef4,44,FUN_0203bef4,false,0
0203bf20,44,FUN_0203bf20,false,0
0203bf4c,88,FUN_0203bf4c,false,0
0203bfa4,44,FUN_0203bfa4,false,0
0203bfd0,52,FUN_0203bfd0,false,0
0203c004,44,FUN_0203c004,false,0
0203c030,44,FUN_0203c030,false,0
0203c05c,68,FUN_0203c05c,false,0
0203c0a0,76,FUN_0203c0a0,false,0
0203c0ec,112,FUN_0203c0ec,false,0
0203c15c,52,FUN_0203c15c,false,0
0203c190,52,FUN_0203c190,false,0
0203c1c4,40,FUN_0203c1c4,false,0
0203c1ec,44,FUN_0203c1ec,false,0
0203c218,20,FUN_0203c218,false,0
0203c230,20,FUN_0203c230,false,0
0203c248,44,FUN_0203c248,false,0
0203c274,52,FUN_0203c274,false,0
0203c2a8,44,FUN_0203c2a8,false,0
0203c2d4,12,FUN_0203c2d4,false,0
0203c2e8,12,FUN_0203c2e8,false,0
0203c2fc,68,FUN_0203c2fc,false,0
0203c348,68,FUN_0203c348,false,0
0203c390,80,FUN_0203c390,false,0
0203c3e8,52,FUN_0203c3e8,false,0
0203c41c,104,FUN_0203c41c,false,0
0203c488,48,FUN_0203c488,false,0
0203c4b8,32,FUN_0203c4b8,false,0
0203c4d8,60,FUN_0203c4d8,false,0
0203c518,60,FUN_0203c518,false,0
0203c558,80,FUN_0203c558,false,0
0203c5ac,52,FUN_0203c5ac,false,0
0203c5ec,144,FUN_0203c5ec,false,0
0203c67c,420,FUN_0203c67c,false,0
0203c83c,64,FUN_0203c83c,false,0
0203c884,156,FUN_0203c884,false,0
0203c920,284,FUN_0203c920,false,0
0203ca54,224,FUN_0203ca54,false,0
0203cb6c,92,FUN_0203cb6c,false,0
0203cbcc,44,FUN_0203cbcc,false,0
0203cbfc,28,FUN_0203cbfc,false,0
0203cc1c,44,FUN_0203cc1c,false,0
0203cc4c,128,FUN_0203cc4c,false,0
0203cccc,48,FUN_0203cccc,false,0
0203cd00,48,FUN_0203cd00,false,0
0203cd34,104,FUN_0203cd34,false,0
0203cda8,72,FUN_0203cda8,false,0
0203cdf0,56,FUN_0203cdf0,false,0
0203ce28,8,FUN_0203ce28,false,0
0203ce30,472,FUN_0203ce30,false,0
0203d008,32,FUN_0203d008,false,0
0203d028,504,FUN_0203d028,false,0
0203d220,76,FUN_0203d220,false,0
0203d26c,160,FUN_0203d26c,false,0
0203d30c,220,FUN_0203d30c,false,0
0203d3e8,8,thunk_FUN_0203d660,true,0
0203d3f4,268,FUN_0203d3f4,false,0
0203d518,172,FUN_0203d518,false,0
0203d5cc,36,FUN_0203d5cc,false,0
0203d5f4,100,FUN_0203d5f4,false,0
0203d660,240,FUN_0203d660,false,0
0203d79c,124,FUN_0203d79c,false,0
0203d818,956,FUN_0203d818,false,0
0203dbd8,540,FUN_0203dbd8,false,0
0203ddf4,268,FUN_0203ddf4,false,0
0203df04,148,FUN_0203df04,false,0
0203df9c,56,FUN_0203df9c,false,0
0203dfd4,56,FUN_0203dfd4,false,0
0203e00c,100,FUN_0203e00c,false,0
0203e070,48,FUN_0203e070,false,0
0203e0a4,176,FUN_0203e0a4,false,0
0203e154,396,FUN_0203e154,false,0
0203e2e4,68,FUN_0203e2e4,false,0
0203e328,32,FUN_0203e328,false,0
0203e348,124,FUN_0203e348,false,0
0203e3c4,176,FUN_0203e3c4,false,0
0203e474,296,FUN_0203e474,false,0
0203e5a0,112,FUN_0203e5a0,false,0
0203e618,184,FUN_0203e618,false,0
0203e6d8,40,FUN_0203e6d8,false,0
0203e700,144,FUN_0203e700,false,0
0203e790,400,FUN_0203e790,false,0
0203e920,72,FUN_0203e920,false,0
0203e968,164,FUN_0203e968,false,0
0203ea0c,552,FUN_0203ea0c,false,0
0203ec34,76,FUN_0203ec34,false,0
0203eca8,44,FUN_0203eca8,false,0
0203ecd4,40,FUN_0203ecd4,false,0
0203ecfc,100,FUN_0203ecfc,false,0
0203ed60,108,FUN_0203ed60,false,0
0203edcc,12,FUN_0203edcc,false,0
0203eddc,12,FUN_0203eddc,false,0
0203edec,76,FUN_0203edec,false,0
0203ee38,208,FUN_0203ee38,false,0
0203ef08,72,FUN_0203ef08,false,0
0203ef50,80,FUN_0203ef50,false,0
0203efa0,124,FUN_0203efa0,false,0
0203f01c,88,FUN_0203f01c,false,0
0203f074,68,FUN_0203f074,false,0
0203f0b8,136,FUN_0203f0b8,false,0
0203f140,348,FUN_0203f140,false,0
0203f2a0,40,FUN_0203f2a0,false,0
0203f2c8,56,FUN_0203f2c8,false,0
0203f304,72,FUN_0203f304,false,0
0203f34c,44,FUN_0203f34c,false,0
0203f378,24,FUN_0203f378,false,0
0203f398,76,FUN_0203f398,false,0
0203f3ec,356,FUN_0203f3ec,false,0
0203f59c,140,FUN_0203f59c,false,0
0203f634,68,FUN_0203f634,false,0
0203f690,84,FUN_0203f690,false,0
0203f6e4,92,FUN_0203f6e4,false,0
0203f740,28,FUN_0203f740,false,0
0203f75c,248,FUN_0203f75c,false,0
0203f864,240,FUN_0203f864,false,0
0203f964,156,FUN_0203f964,false,0
0203fa08,160,FUN_0203fa08,false,0
0203faa8,152,FUN_0203faa8,false,0
0203fb40,256,FUN_0203fb40,false,0
0203fc54,272,FUN_0203fc54,false,0
0203fd64,36,FUN_0203fd64,false,0
0203fd8c,68,FUN_0203fd8c,false,0
0203fdd0,28,FUN_0203fdd0,false,0
0203fdec,396,FUN_0203fdec,false,0
0203ff78,332,FUN_0203ff78,false,0
020400c4,760,FUN_020400c4,false,0
020403c4,236,FUN_020403c4,false,0
020404b0,188,FUN_020404b0,false,0
0204056c,84,FUN_0204056c,false,0
020405d4,88,FUN_020405d4,false,0
02040640,96,FUN_02040640,false,0
020406e0,296,FUN_020406e0,false,0
02040810,608,FUN_02040810,false,0
02040c68,92,FUN_02040c68,false,0
02040cc8,156,FUN_02040cc8,false,0
02040d68,308,FUN_02040d68,false,0
02040eb0,168,FUN_02040eb0,false,0
02040f5c,132,FUN_02040f5c,false,0
02040fec,692,FUN_02040fec,false,0
020412ac,16,FUN_020412ac,false,0
020412c4,16,FUN_020412c4,false,0
020412dc,16,FUN_020412dc,false,0
020412f4,16,FUN_020412f4,false,0
0204130c,48,FUN_0204130c,false,0
020413e4,24,FUN_020413e4,false,0
02041400,228,FUN_02041400,false,0
020414f0,532,FUN_020414f0,false,0
02041728,48,FUN_02041728,false,0
02041758,120,FUN_02041758,false,0
020417d0,56,FUN_020417d0,false,0
0204180c,20,FUN_0204180c,false,0
02041824,56,FUN_02041824,false,0
02041860,140,FUN_02041860,false,0
020418f0,56,FUN_020418f0,false,0
0204192c,100,FUN_0204192c,false,0
02041994,56,FUN_02041994,false,0
020419d0,104,FUN_020419d0,false,0
02041a48,100,FUN_02041a48,false,0
02041abc,160,FUN_02041abc,false,0
02041b74,216,FUN_02041b74,false,0
02041c60,168,FUN_02041c60,false,0
02041d24,80,FUN_02041d24,false,0
02041d80,20,FUN_02041d80,false,0
02041d98,76,FUN_02041d98,false,0
02041de8,20,FUN_02041de8,false,0
02041e10,132,FUN_02041e10,false,0
02041e94,1404,FUN_02041e94,false,0
02042424,60,FUN_02042424,false,0
02042468,120,FUN_02042468,false,0
020424e4,124,FUN_020424e4,false,0
020425a0,12,FUN_020425a0,false,0
020425b0,12,FUN_020425b0,false,0
020425c0,12,FUN_020425c0,false,0
020425d0,12,FUN_020425d0,false,0
020425e0,32,FUN_020425e0,false,0
02042600,32,FUN_02042600,false,0
02042620,16,FUN_02042620,false,0
02042634,24,FUN_02042634,false,0
02042650,88,FUN_02042650,false,0
020426ac,12,FUN_020426ac,false,0
020426bc,44,FUN_020426bc,false,0
020426e8,12,FUN_020426e8,false,0
020426f8,240,FUN_020426f8,false,0
0204280c,160,FUN_0204280c,false,0
020428b0,152,FUN_020428b0,false,0
0204294c,136,FUN_0204294c,false,0
020429dc,80,FUN_020429dc,false,0
02042a30,76,FUN_02042a30,false,0
02042a80,456,FUN_02042a80,false,0
02042c58,8,thunk_FUN_02042650,true,0
02042c64,224,FUN_02042c64,false,0
02042d4c,196,FUN_02042d4c,false,0
02042e1c,196,FUN_02042e1c,false,0
02042eec,196,FUN_02042eec,false,0
02042fbc,224,FUN_02042fbc,false,0
0204309c,224,FUN_0204309c,false,0
0204317c,188,FUN_0204317c,false,0
02043238,112,FUN_02043238,false,0
020432a8,120,FUN_020432a8,false,0
02043330,8,thunk_FUN_02042650,true,0
0204333c,276,FUN_0204333c,false,0
02043464,48,FUN_02043464,false,0
02043498,244,FUN_02043498,false,0
02043598,320,FUN_02043598,false,0
020436ec,112,FUN_020436ec,false,0
02043760,72,FUN_02043760,false,0
020437b8,120,FUN_020437b8,false,0
02043858,124,FUN_02043858,false,0
020438d8,148,FUN_020438d8,false,0
02043970,316,FUN_02043970,false,0
02043aac,100,FUN_02043aac,false,0
02043b10,60,FUN_02043b10,false,0
02043b50,100,FUN_02043b50,false,0
02043bbc,48,FUN_02043bbc,false,0
02043bf4,100,FUN_02043bf4,false,0
02043c58,40,FUN_02043c58,false,0
02043c80,112,FUN_02043c80,false,0
02043d00,48,FUN_02043d00,false,0
02043d34,68,FUN_02043d34,false,0
02043d7c,268,FUN_02043d7c,false,0
02043e98,56,FUN_02043e98,false,0
02043ed8,56,FUN_02043ed8,false,0
02043f10,56,FUN_02043f10,false,0
02043f50,32,FUN_02043f50,false,0
02043f70,12,FUN_02043f70,false,0
02043f80,92,FUN_02043f80,false,0
02043fe0,56,FUN_02043fe0,false,0
0204401c,420,FUN_0204401c,false,0
020441e8,140,FUN_020441e8,false,0
02044284,196,FUN_02044284,false,0
0204434c,280,FUN_0204434c,false,0
02044480,76,FUN_02044480,false,0
020444d4,44,FUN_020444d4,false,0
02044504,108,FUN_02044504,false,0
02044574,156,FUN_02044574,false,0
02044610,52,FUN_02044610,false,0
02044644,4,FUN_02044644,false,0
02044648,256,FUN_02044648,false,0
02044748,316,FUN_02044748,false,0
02044898,1700,FUN_02044898,false,0
02044c78,864,FUN_02044c78,false,0
020462a8,64,FUN_020462a8,false,0
02046300,424,FUN_02046300,false,0
020464b0,132,FUN_020464b0,false,0
020466bc,8,FUN_020466bc,false,0
020466c4,80,FUN_020466c4,false,0
02046e10,8,thunk_FUN_02047024,true,0
02046e1c,48,FUN_02046e1c,false,0
02046e98,56,FUN_02046e98,false,0
02046ed0,24,FUN_02046ed0,false,0
02046ef0,168,FUN_02046ef0,false,0
02046f98,100,FUN_02046f98,false,0
02046ffc,20,FUN_02046ffc,false,0
02047010,20,FUN_02047010,false,0
02047024,16,FUN_02047024,false,0
0204703c,56,FUN_0204703c,false,0
02047074,100,FUN_02047074,false,0
020470d8,168,FUN_020470d8,false,0
02047180,168,FUN_02047180,false,0
02047228,72,FUN_02047228,false,0
02047270,228,FUN_02047270,false,0
02047354,112,FUN_02047354,false,0
020473c4,480,FUN_020473c4,false,0
020475a4,108,FUN_020475a4,false,0
02047610,140,FUN_02047610,false,0
0204769c,340,FUN_0204769c,false,0
020477f0,2172,FUN_020477f0,false,0
02048078,924,FUN_02048078,false,0
02048414,28,FUN_02048414,false,0
02048430,288,FUN_02048430,false,0
02048554,108,FUN_02048554,false,0
020485c0,84,FUN_020485c0,false,0
02048650,528,FUN_02048650,false,0
02048880,32,FUN_02048880,false,0
020488a4,8,thunk_FUN_020444d4,true,0
020488b0,72,FUN_020488b0,false,0
020488f8,92,FUN_020488f8,false,0
02048970,92,FUN_02048970,false,0
02048a1c,156,FUN_02048a1c,false,0
02048ae8,160,FUN_02048ae8,false,0
02048bb0,80,FUN_02048bb0,false,0
02048c1c,40,FUN_02048c1c,false,0
02048c6c,32,FUN_02048c6c,false,0
02048c90,40,FUN_02048c90,false,0
02048ce0,12,FUN_02048ce0,false,0
02059d6c,152,FUN_02059d6c,false,0
02059e1c,20,FUN_02059e1c,false,0
02059e30,252,FUN_02059e30,false,0
02059f60,192,FUN_02059f60,false,0
0205a040,56,FUN_0205a040,false,0
0205a080,88,FUN_0205a080,false,0
0205a0e0,52,FUN_0205a0e0,false,0
0205a118,108,FUN_0205a118,false,0
0205a18c,76,FUN_0205a18c,false,0
0205a1dc,160,FUN_0205a1dc,false,0
